{
  "GPR_full": {
    "RMSE": 11.987345700682782,
    "MAE": 7.956670356550081,
    "R2": 0.8539637973143158,
    "MedAE": 5.676564981412874
  },
  "GPR_comp": {
    "RMSE": 12.237853764474677,
    "MAE": 8.110410053965294,
    "R2": 0.8477963770492477,
    "MedAE": 5.91266965979629
  },
  "KRR": {
    "RMSE": 13.444261203365297,
    "MAE": 9.54619717134861,
    "R2": 0.8163087985054487,
    "MedAE": 7.36986864795481
  },
  "RF": {
    "RMSE": 12.49620212065516,
    "MAE": 8.082788531342885,
    "R2": 0.841302328787363,
    "MedAE": 5.372377965367974
  },
  "XGB": {
    "RMSE": 13.284146534280486,
    "MAE": 8.611362637065707,
    "R2": 0.8206580916615095,
    "MedAE": 5.911222457885742
  },
  "LGBM": {
    "RMSE": 14.47279177329988,
    "MAE": 9.184328170158356,
    "R2": 0.7871277262081053,
    "MedAE": 6.210808986470397
  },
  "XGB_fullhybrid": {
    "RMSE": 12.662882894923849,
    "MAE": 8.212429077213729,
    "R2": 0.837040511532241,
    "MedAE": 5.570249989106101
  },
  "Stacked": {
    "RMSE": 18.708128905023806,
    "MAE": 11.470408885966568,
    "R2": 0.6443071142312278,
    "MedAE": 7.7020508224663065
  }
}